{
  "users": [
    {
      "id": 1,
      "email": "admin@pool.local",
      "password": "$2b$10$rOvRoi24T4hyjhEQxRtVuOehzzgCsp1HVRqNd4FgOBVhjLrxrs.a.",
      "displayName": "ADMIN",
      "isAdmin": true,
      "rating": 2200,
      "stats": { "wins": 50, "losses": 5 }
    },
    {
      "id": 2,
      "email": "dan.hamper@topofthecapital.local",
      "password": "$2b$10$defaulthash",
      "displayName": "Dan Hamper",
      "rating": 2100,
      "stats": { "wins": 45, "losses": 8 },
      "avatar": null
    },
    {
      "id": 3,
      "email": "david.smith@topofthecapital.local",
      "password": "$2b$10$defaulthash",
      "displayName": "David Smith",
      "rating": 2080,
      "stats": { "wins": 42, "losses": 10 },
      "avatar": null
    },
    {
      "id": 4,
      "email": "chase.dalin@topofthecapital.local",
      "password": "$2b$10$defaulthash",
      "displayName": "Chase Dalin",
      "rating": 2060,
      "stats": { "wins": 40, "losses": 12 },
      "avatar": null
    },
    {
      "id": 5,
      "email": "frank.kincl@topofthecapital.local",
      "password": "$2b$10$defaulthash",
      "displayName": "Frank Kincl",
      "rating": 2040,
      "stats": { "wins": 38, "losses": 14 },
      "avatar": null
    },
    {
      "id": 6,
      "email": "dave.alderman@topofthecapital.local",
      "password": "$2b$10$defaulthash",
      "displayName": "Dave Alderman",
      "rating": 2020,
      "stats": { "wins": 36, "losses": 16 },
      "avatar": null
    },
    {
      "id": 7,
      "email": "mike.zahn@topofthecapital.local",
      "password": "$2b$10$defaulthash",
      "displayName": "Mike Zahn",
      "rating": 2000,
      "stats": { "wins": 34, "losses": 18 },
      "avatar": null
    },
    {
      "id": 8,
      "email": "mike.paliga@topofthecapital.local",
      "password": "$2b$10$defaulthash",
      "displayName": "Mike Paliga",
      "rating": 1980,
      "stats": { "wins": 32, "losses": 20 },
      "avatar": null
    },
    {
      "id": 9,
      "email": "tim.webster@topofthecapital.local",
      "password": "$2b$10$defaulthash",
      "displayName": "Tim Webster",
      "rating": 1960,
      "stats": { "wins": 30, "losses": 22 },
      "avatar": null
    },
    {
      "id": 10,
      "email": "jerry.sabol@topofthecapital.local",
      "password": "$2b$10$defaulthash",
      "displayName": "Jerry Sabol",
      "rating": 1940,
      "stats": { "wins": 28, "losses": 24 },
      "avatar": null
    },
    {
      "id": 11,
      "email": "thomas.e.kingston@topofthecapital.local",
      "password": "$2b$10$defaulthash",
      "displayName": "Thomas E. Kingston",
      "rating": 1920,
      "stats": { "wins": 26, "losses": 26 },
      "avatar": null
    },
    {
      "id": 12,
      "email": "timmy.squires@topofthecapital.local",
      "password": "$2b$10$defaulthash",
      "displayName": "Timmy Squires",
      "rating": 1900,
      "stats": { "wins": 25, "losses": 27 },
      "avatar": null
    },
    {
      "id": 13,
      "email": "joel.selzer@topofthecapital.local",
      "password": "$2b$10$defaulthash",
      "displayName": "Joel Selzer",
      "rating": 1880,
      "stats": { "wins": 24, "losses": 28 },
      "avatar": null
    },
    {
      "id": 14,
      "email": "josh.fava@topofthecapital.local",
      "password": "$2b$10$defaulthash",
      "displayName": "Josh Fava",
      "rating": 1860,
      "stats": { "wins": 23, "losses": 29 },
      "avatar": null
    },
    {
      "id": 15,
      "email": "eric.croft@topofthecapital.local",
      "password": "$2b$10$defaulthash",
      "displayName": "Eric Croft",
      "rating": 1840,
      "stats": { "wins": 22, "losses": 30 },
      "avatar": null
    },
    {
      "id": 16,
      "email": "louise.broksle@topofthecapital.local",
      "password": "$2b$10$defaulthash",
      "displayName": "Louise Broksle",
      "rating": 1820,
      "stats": { "wins": 21, "losses": 31 },
      "avatar": null
    },
    {
      "id": 17,
      "email": "kurt.kubicka@topofthecapital.local",
      "password": "$2b$10$defaulthash",
      "displayName": "Kurt Kubicka",
      "rating": 1800,
      "stats": { "wins": 20, "losses": 32 },
      "avatar": null
    },
    {
      "id": 18,
      "email": "george.cotton@topofthecapital.local",
      "password": "$2b$10$defaulthash",
      "displayName": "George Cotton",
      "rating": 1780,
      "stats": { "wins": 19, "losses": 33 },
      "avatar": null
    },
    {
      "id": 19,
      "email": "vern.carpenter@topofthecapital.local",
      "password": "$2b$10$defaulthash",
      "displayName": "Vern Carpenter",
      "rating": 1760,
      "stats": { "wins": 18, "losses": 34 },
      "avatar": null
    },
    {
      "id": 20,
      "email": "mike.churchill@topofthecapital.local",
      "password": "$2b$10$defaulthash",
      "displayName": "Mike Churchill",
      "rating": 1740,
      "stats": { "wins": 17, "losses": 35 },
      "avatar": null
    },
    {
      "id": 21,
      "email": "chris.gomez@topofthecapital.local",
      "password": "$2b$10$defaulthash",
      "displayName": "Chris Gomez",
      "rating": 1720,
      "stats": { "wins": 16, "losses": 36 },
      "avatar": null
    },
    {
      "id": 22,
      "email": "matt.gilbert@topofthecapital.local",
      "password": "$2b$10$defaulthash",
      "displayName": "Matt Gilbert",
      "rating": 1700,
      "stats": { "wins": 15, "losses": 37 },
      "avatar": null
    },
    {
      "id": 23,
      "email": "gurn.blanston@topofthecapital.local",
      "password": "$2b$10$defaulthash",
      "displayName": "Gurn Blanston",
      "rating": 1680,
      "stats": { "wins": 14, "losses": 38 },
      "avatar": null
    },
    {
      "id": 24,
      "email": "rob.millions@topofthecapital.local",
      "password": "$2b$10$defaulthash",
      "displayName": "Rob Millions",
      "rating": 1660,
      "stats": { "wins": 13, "losses": 39 },
      "avatar": null
    },
    {
      "id": 25,
      "email": "walker.hopkins@topofthecapital.local",
      "password": "$2b$10$defaulthash",
      "displayName": "Walker Hopkins",
      "rating": 1640,
      "stats": { "wins": 12, "losses": 40 },
      "avatar": null
    },
    {
      "id": 26,
      "email": "janice.osborne@topofthecapital.local",
      "password": "$2b$10$defaulthash",
      "displayName": "Janice Osborne",
      "rating": 1620,
      "stats": { "wins": 11, "losses": 41 },
      "avatar": null
    },
    {
      "id": 27,
      "email": "anthony.jacobs@topofthecapital.local",
      "password": "$2b$10$defaulthash",
      "displayName": "Anthony Jacobs",
      "rating": 1600,
      "stats": { "wins": 10, "losses": 42 },
      "avatar": null
    },
    {
      "id": 28,
      "email": "patrick.donald@topofthecapital.local",
      "password": "$2b$10$defaulthash",
      "displayName": "Patrick Donald",
      "rating": 1580,
      "stats": { "wins": 9, "losses": 43 },
      "avatar": null
    },
    {
      "id": 29,
      "email": "tim.gregor@topofthecapital.local",
      "password": "$2b$10$defaulthash",
      "displayName": "Tim Gregor",
      "rating": 1560,
      "stats": { "wins": 8, "losses": 44 },
      "avatar": null
    },
    {
      "id": 30,
      "email": "james.mcmasters@topofthecapital.local",
      "password": "$2b$10$defaulthash",
      "displayName": "James McMasters",
      "rating": 1540,
      "stats": { "wins": 7, "losses": 45 },
      "avatar": null
    },
    {
      "id": 31,
      "email": "joe.mackay@topofthecapital.local",
      "password": "$2b$10$defaulthash",
      "displayName": "Joe Mackay",
      "rating": 1520,
      "stats": { "wins": 6, "losses": 46 },
      "avatar": null
    },
    {
      "id": 32,
      "email": "steve.adsem@topofthecapital.local",
      "password": "$2b$10$defaulthash",
      "displayName": "Steve Adsem",
      "rating": 1500,
      "stats": { "wins": 15, "losses": 37 },
      "avatar": null
    },
    {
      "id": 33,
      "email": "samantha.chase@topofthecapital.local",
      "password": "$2b$10$defaulthash",
      "displayName": "Samantha Chase",
      "rating": 1480,
      "stats": { "wins": 14, "losses": 38 },
      "avatar": null
    },
    {
      "id": 34,
      "email": "lea.hightshoe@topofthecapital.local",
      "password": "$2b$10$defaulthash",
      "displayName": "Lea Hightshoe",
      "rating": 1460,
      "stats": { "wins": 13, "losses": 39 },
      "avatar": null
    },
    {
      "id": 35,
      "email": "courtney.norman@topofthecapital.local",
      "password": "$2b$10$defaulthash",
      "displayName": "Courtney Norman",
      "rating": 1440,
      "stats": { "wins": 12, "losses": 40 },
      "avatar": null
    },
    {
      "id": 36,
      "email": "marc.sanche@topofthecapital.local",
      "password": "$2b$10$defaulthash",
      "displayName": "Marc Sanche",
      "rating": 1420,
      "stats": { "wins": 11, "losses": 41 },
      "avatar": null
    },
    {
      "id": 37,
      "email": "kenny.thurman@topofthecapital.local",
      "password": "$2b$10$defaulthash",
      "displayName": "Kenny Thurman",
      "rating": 1400,
      "stats": { "wins": 10, "losses": 42 },
      "avatar": null
    },
    {
      "id": 38,
      "email": "roger.simmons@topofthecapital.local",
      "password": "$2b$10$defaulthash",
      "displayName": "Roger Simmons",
      "rating": 1380,
      "stats": { "wins": 9, "losses": 43 },
      "avatar": null
    },
    {
      "id": 39,
      "email": "christina.talbot@topofthecapital.local",
      "password": "$2b$10$defaulthash",
      "displayName": "Christina Talbot",
      "rating": 1360,
      "stats": { "wins": 8, "losses": 44 },
      "avatar": null
    },
    {
      "id": 40,
      "email": "jon.nash@topofthecapital.local",
      "password": "$2b$10$defaulthash",
      "displayName": "Jon Nash",
      "rating": 1340,
      "stats": { "wins": 7, "losses": 45 },
      "avatar": null
    },
    {
      "id": 41,
      "email": "sady.garrison@topofthecapital.local",
      "password": "$2b$10$defaulthash",
      "displayName": "Sady Garrison",
      "rating": 1320,
      "stats": { "wins": 6, "losses": 46 },
      "avatar": null
    },
    {
      "id": 42,
      "email": "justin.cavazos@topofthecapital.local",
      "password": "$2b$10$defaulthash",
      "displayName": "Justin Cavazos",
      "rating": 1300,
      "stats": { "wins": 15, "losses": 37 },
      "avatar": null
    },
    {
      "id": 43,
      "email": "sean.royston@topofthecapital.local",
      "password": "$2b$10$defaulthash",
      "displayName": "Sean Royston",
      "rating": 1280,
      "stats": { "wins": 14, "losses": 38 },
      "avatar": null
    },
    {
      "id": 44,
      "email": "james.smith@topofthecapital.local",
      "password": "$2b$10$defaulthash",
      "displayName": "James Smith",
      "rating": 1260,
      "stats": { "wins": 13, "losses": 39 },
      "avatar": null
    },
    {
      "id": 45,
      "email": "zach.ledesma@topofthecapital.local",
      "password": "$2b$10$defaulthash",
      "displayName": "Zach Ledesma",
      "rating": 1240,
      "stats": { "wins": 12, "losses": 40 },
      "avatar": null
    },
    {
      "id": 46,
      "email": "clayton.carter@topofthecapital.local",
      "password": "$2b$10$defaulthash",
      "displayName": "Clayton Carter",
      "rating": 1220,
      "stats": { "wins": 11, "losses": 41 },
      "avatar": null
    },
    {
      "id": 47,
      "email": "ryan.fields@topofthecapital.local",
      "password": "$2b$10$defaulthash",
      "displayName": "Ryan Fields",
      "rating": 1200,
      "stats": { "wins": 10, "losses": 42 },
      "avatar": null
    },
    {
      "id": 48,
      "email": "kris.vladic@topofthecapital.local",
      "password": "$2b$10$defaulthash",
      "displayName": "Kris Vladic",
      "rating": 1180,
      "stats": { "wins": 9, "losses": 43 },
      "avatar": null
    },
    {
      "id": 49,
      "email": "nate.welch@topofthecapital.local",
      "password": "$2b$10$defaulthash",
      "displayName": "Nate Welch",
      "rating": 1160,
      "stats": { "wins": 8, "losses": 44 },
      "avatar": null
    },
    {
      "id": 50,
      "email": "josh.hill@topofthecapital.local",
      "password": "$2b$10$defaulthash",
      "displayName": "Josh Hill",
      "rating": 1140,
      "stats": { "wins": 7, "losses": 45 },
      "avatar": null
    },
    {
      "id": 51,
      "email": "josh.waples@topofthecapital.local",
      "password": "$2b$10$defaulthash",
      "displayName": "Josh Waples",
      "rating": 1120,
      "stats": { "wins": 6, "losses": 46 },
      "avatar": null
    },
    {
      "id": 52,
      "email": "steven.ross.brandenburg@topofthecapital.local",
      "password": "$2b$10$defaulthash",
      "displayName": "Steven Ross Brandenburg",
      "rating": 1100,
      "stats": { "wins": 15, "losses": 37 },
      "avatar": null
    },
    {
      "id": 53,
      "email": "troy.jacobs@topofthecapital.local",
      "password": "$2b$10$defaulthash",
      "displayName": "Troy Jacobs",
      "rating": 1080,
      "stats": { "wins": 14, "losses": 38 },
      "avatar": null
    },
    {
      "id": 54,
      "email": "makayla.ledford@topofthecapital.local",
      "password": "$2b$10$defaulthash",
      "displayName": "Makayla Ledford",
      "rating": 1060,
      "stats": { "wins": 13, "losses": 39 },
      "avatar": null
    },
    {
      "id": 55,
      "email": "sarah.urbaniak.vancleave@topofthecapital.local",
      "password": "$2b$10$defaulthash",
      "displayName": "Sarah Urbaniak VanCleave",
      "rating": 1040,
      "stats": { "wins": 12, "losses": 40 },
      "avatar": null
    },
    {
      "id": 56,
      "email": "jennifer.lynn@topofthecapital.local",
      "password": "$2b$10$defaulthash",
      "displayName": "Jennifer Lynn",
      "rating": 1020,
      "stats": { "wins": 11, "losses": 41 },
      "avatar": null
    },
    {
      "id": 57,
      "email": "walter.ryan.isenhour@topofthecapital.local",
      "password": "$2b$10$defaulthash",
      "displayName": "Walter Ryan Isenhour",
      "rating": 1000,
      "stats": { "wins": 10, "losses": 42 },
      "avatar": null
    },
    {
      "id": 58,
      "email": "craig.rogers@topofthecapital.local",
      "password": "$2b$10$defaulthash",
      "displayName": "Craig Rogers",
      "rating": 980,
      "stats": { "wins": 9, "losses": 43 },
      "avatar": null
    },
    {
      "id": 59,
      "email": "jesse.chandler@topofthecapital.local",
      "password": "$2b$10$defaulthash",
      "displayName": "Jesse Chandler",
      "rating": 960,
      "stats": { "wins": 8, "losses": 44 },
      "avatar": null
    },
    {
      "id": 60,
      "email": "tizer.rushford@topofthecapital.local",
      "password": "$2b$10$defaulthash",
      "displayName": "Tizer Rushford",
      "rating": 940,
      "stats": { "wins": 7, "losses": 45 },
      "avatar": null
    },
    {
      "id": 61,
      "email": "randy.hoag@topofthecapital.local",
      "password": "$2b$10$defaulthash",
      "displayName": "Randy Hoag",
      "rating": 920,
      "stats": { "wins": 6, "losses": 46 },
      "avatar": null
    },
    {
      "id": 62,
      "email": "justin.whittenberg@topofthecapital.local",
      "password": "$2b$10$defaulthash",
      "displayName": "Justin Whittenberg",
      "rating": 900,
      "stats": { "wins": 15, "losses": 37 },
      "avatar": null
    },
    {
      "id": 63,
      "email": "kenrick.leistiko@topofthecapital.local",
      "password": "$2b$10$defaulthash",
      "displayName": "Kenrick Leistiko",
      "rating": 880,
      "stats": { "wins": 14, "losses": 38 },
      "avatar": null
    },
    {
      "id": 64,
      "email": "richard.frankforter@topofthecapital.local",
      "password": "$2b$10$defaulthash",
      "displayName": "Richard Frankforter",
      "rating": 860,
      "stats": { "wins": 13, "losses": 39 },
      "avatar": null
    },
    {
      "id": 65,
      "email": "brandon.lucas.parker@topofthecapital.local",
      "password": "$2b$10$defaulthash",
      "displayName": "Brandon Lucas Parker",
      "rating": 840,
      "stats": { "wins": 12, "losses": 40 },
      "avatar": null
    },
    {
      "id": 66,
      "email": "james.ellington@topofthecapital.local",
      "password": "$2b$10$defaulthash",
      "displayName": "James Ellington",
      "rating": 820,
      "stats": { "wins": 11, "losses": 41 },
      "avatar": null
    },
    {
      "id": 67,
      "email": "anita.scharf@topofthecapital.local",
      "password": "$2b$10$defaulthash",
      "displayName": "Anita Scharf",
      "rating": 800,
      "stats": { "wins": 10, "losses": 42 },
      "avatar": null
    },
    {
      "id": 68,
      "email": "ileana.hernandez@topofthecapital.local",
      "password": "$2b$10$defaulthash",
      "displayName": "Ileana Hernandez",
      "rating": 780,
      "stats": { "wins": 9, "losses": 43 },
      "avatar": null
    },
    {
      "id": 69,
      "email": "heather.jarvis@topofthecapital.local",
      "password": "$2b$10$defaulthash",
      "displayName": "Heather Jarvis",
      "rating": 760,
      "stats": { "wins": 8, "losses": 44 },
      "avatar": null
    },
    {
      "id": 70,
      "email": "keenen.blackbird@topofthecapital.local",
      "password": "$2b$10$defaulthash",
      "displayName": "Keenen Blackbird",
      "rating": 740,
      "stats": { "wins": 7, "losses": 45 },
      "avatar": null
    },
    {
      "id": 71,
      "email": "kelly.smail@topofthecapital.local",
      "password": "$2b$10$defaulthash",
      "displayName": "Kelly Smail",
      "rating": 720,
      "stats": { "wins": 6, "losses": 46 },
      "avatar": null
    }
  ],
  "challenges": [],
  "notifications": [],
  "feed": []
}

